{
  "fio version" : "fio-3.1",
  "timestamp" : 1590692450,
  "timestamp_ms" : 1590692450671,
  "time" : "Thu May 28 19:00:50 2020",
  "jobs" : [
    {
      "jobname" : "random-io",
      "groupid" : 0,
      "error" : 0,
      "eta" : 0,
      "elapsed" : 121,
      "job options" : {
        "bs" : "4096",
        "direct" : "1",
        "directory" : "/app/data",
        "iodepth" : "16",
        "ioengine" : "libaio",
        "log_avg_msec" : "1000",
        "randrepeat" : "1",
        "runtime" : "120",
        "rw" : "randwrite",
        "size" : "50Mi",
        "time_based" : "1",
        "write_bw_log" : "-4096-",
        "write_lat_log" : "-4096-",
        "write_iops_log" : "-4096-",
        "filename" : "fio-test.bin"
      },
      "read" : {
        "io_bytes" : 0,
        "io_kbytes" : 0,
        "bw" : 0,
        "iops" : 0.000000,
        "runtime" : 0,
        "total_ios" : 0,
        "short_ios" : 0,
        "drop_ios" : 0,
        "slat_ns" : {
          "min" : 0,
          "max" : 0,
          "mean" : 0.000000,
          "stddev" : 0.000000
        },
        "clat_ns" : {
          "min" : 0,
          "max" : 0,
          "mean" : 0.000000,
          "stddev" : 0.000000,
          "percentile" : {
            "1.000000" : 0,
            "5.000000" : 0,
            "10.000000" : 0,
            "20.000000" : 0,
            "30.000000" : 0,
            "40.000000" : 0,
            "50.000000" : 0,
            "60.000000" : 0,
            "70.000000" : 0,
            "80.000000" : 0,
            "90.000000" : 0,
            "95.000000" : 0,
            "99.000000" : 0,
            "99.500000" : 0,
            "99.900000" : 0,
            "99.950000" : 0,
            "99.990000" : 0,
            "0.00" : 0,
            "0.00" : 0,
            "0.00" : 0
          }
        },
        "lat_ns" : {
          "min" : 0,
          "max" : 0,
          "mean" : 0.000000,
          "stddev" : 0.000000
        },
        "bw_min" : 0,
        "bw_max" : 0,
        "bw_agg" : 0.000000,
        "bw_mean" : 0.000000,
        "bw_dev" : 0.000000,
        "bw_samples" : 0,
        "iops_min" : 0,
        "iops_max" : 0,
        "iops_mean" : 0.000000,
        "iops_stddev" : 0.000000,
        "iops_samples" : 0
      },
      "write" : {
        "io_bytes" : 170164224,
        "io_kbytes" : 166176,
        "bw" : 1384,
        "iops" : 346.176922,
        "runtime" : 120008,
        "total_ios" : 41544,
        "short_ios" : 0,
        "drop_ios" : 0,
        "slat_ns" : {
          "min" : 3419,
          "max" : 100068041,
          "mean" : 833639.992682,
          "stddev" : 8581756.704154
        },
        "clat_ns" : {
          "min" : 39230,
          "max" : 200069314,
          "mean" : 45382435.714303,
          "stddev" : 45925646.652823,
          "percentile" : {
            "1.000000" : 1187840,
            "5.000000" : 2146304,
            "10.000000" : 2670592,
            "20.000000" : 3424256,
            "30.000000" : 4079616,
            "40.000000" : 4882432,
            "50.000000" : 6979584,
            "60.000000" : 88604672,
            "70.000000" : 93847552,
            "80.000000" : 95944704,
            "90.000000" : 100139008,
            "95.000000" : 100139008,
            "99.000000" : 100139008,
            "99.500000" : 103284736,
            "99.900000" : 200278016,
            "99.950000" : 200278016,
            "99.990000" : 200278016,
            "0.00" : 0,
            "0.00" : 0,
            "0.00" : 0
          }
        },
        "lat_ns" : {
          "min" : 884188,
          "max" : 200082048,
          "mean" : 46216455.262854,
          "stddev" : 45946817.186259
        },
        "bw_min" : 1032,
        "bw_max" : 1608,
        "bw_agg" : 99.009513,
        "bw_mean" : 1370.291667,
        "bw_dev" : 121.320909,
        "bw_samples" : 120,
        "iops_min" : 258,
        "iops_max" : 402,
        "iops_mean" : 342.458333,
        "iops_stddev" : 30.403144,
        "iops_samples" : 120
      },
      "trim" : {
        "io_bytes" : 0,
        "io_kbytes" : 0,
        "bw" : 0,
        "iops" : 0.000000,
        "runtime" : 0,
        "total_ios" : 0,
        "short_ios" : 0,
        "drop_ios" : 0,
        "slat_ns" : {
          "min" : 0,
          "max" : 0,
          "mean" : 0.000000,
          "stddev" : 0.000000
        },
        "clat_ns" : {
          "min" : 0,
          "max" : 0,
          "mean" : 0.000000,
          "stddev" : 0.000000,
          "percentile" : {
            "1.000000" : 0,
            "5.000000" : 0,
            "10.000000" : 0,
            "20.000000" : 0,
            "30.000000" : 0,
            "40.000000" : 0,
            "50.000000" : 0,
            "60.000000" : 0,
            "70.000000" : 0,
            "80.000000" : 0,
            "90.000000" : 0,
            "95.000000" : 0,
            "99.000000" : 0,
            "99.500000" : 0,
            "99.900000" : 0,
            "99.950000" : 0,
            "99.990000" : 0,
            "0.00" : 0,
            "0.00" : 0,
            "0.00" : 0
          }
        },
        "lat_ns" : {
          "min" : 0,
          "max" : 0,
          "mean" : 0.000000,
          "stddev" : 0.000000
        },
        "bw_min" : 0,
        "bw_max" : 0,
        "bw_agg" : 0.000000,
        "bw_mean" : 0.000000,
        "bw_dev" : 0.000000,
        "bw_samples" : 0,
        "iops_min" : 0,
        "iops_max" : 0,
        "iops_mean" : 0.000000,
        "iops_stddev" : 0.000000,
        "iops_samples" : 0
      },
      "usr_cpu" : 0.146658,
      "sys_cpu" : 0.630797,
      "ctx" : 18749,
      "majf" : 0,
      "minf" : 19,
      "iodepth_level" : {
        "1" : 0.100000,
        "2" : 0.100000,
        "4" : 0.100000,
        "8" : 0.100000,
        "16" : 99.963894,
        "32" : 0.000000,
        ">=64" : 0.000000
      },
      "latency_ns" : {
        "2" : 0.000000,
        "4" : 0.000000,
        "10" : 0.000000,
        "20" : 0.000000,
        "50" : 0.000000,
        "100" : 0.000000,
        "250" : 0.000000,
        "500" : 0.000000,
        "750" : 0.000000,
        "1000" : 0.000000
      },
      "latency_us" : {
        "2" : 0.000000,
        "4" : 0.000000,
        "10" : 0.000000,
        "20" : 0.000000,
        "50" : 0.010000,
        "100" : 0.016850,
        "250" : 0.830445,
        "500" : 0.014443,
        "750" : 0.010000,
        "1000" : 0.024071
      },
      "latency_ms" : {
        "2" : 2.825920,
        "4" : 25.303293,
        "10" : 23.644810,
        "20" : 2.012324,
        "50" : 0.392355,
        "100" : 40.412575,
        "250" : 4.515694,
        "500" : 0.000000,
        "750" : 0.000000,
        "1000" : 0.000000,
        "2000" : 0.000000,
        ">=2000" : 0.000000
      },
      "latency_depth" : 16,
      "latency_target" : 0,
      "latency_percentile" : 100.000000,
      "latency_window" : 0
    }
  ],
  "disk_util" : [
    {
      "name" : "sdb",
      "read_ios" : 0,
      "write_ios" : 41573,
      "read_merges" : 0,
      "write_merges" : 23,
      "read_ticks" : 0,
      "write_ticks" : 180689,
      "in_queue" : 89956,
      "util" : 15.620786
    }
  ]
}
