{
  "fio version" : "fio-3.1",
  "timestamp" : 1590692131,
  "timestamp_ms" : 1590692131721,
  "time" : "Thu May 28 18:55:31 2020",
  "jobs" : [
    {
      "jobname" : "random-io",
      "groupid" : 0,
      "error" : 0,
      "eta" : 0,
      "elapsed" : 121,
      "job options" : {
        "bs" : "4096",
        "direct" : "1",
        "directory" : "/app/data",
        "iodepth" : "04",
        "ioengine" : "libaio",
        "log_avg_msec" : "1000",
        "randrepeat" : "1",
        "runtime" : "120",
        "rw" : "randwrite",
        "size" : "50Mi",
        "time_based" : "1",
        "write_bw_log" : "-4096-",
        "write_lat_log" : "-4096-",
        "write_iops_log" : "-4096-",
        "filename" : "fio-test.bin"
      },
      "read" : {
        "io_bytes" : 0,
        "io_kbytes" : 0,
        "bw" : 0,
        "iops" : 0.000000,
        "runtime" : 0,
        "total_ios" : 0,
        "short_ios" : 0,
        "drop_ios" : 0,
        "slat_ns" : {
          "min" : 0,
          "max" : 0,
          "mean" : 0.000000,
          "stddev" : 0.000000
        },
        "clat_ns" : {
          "min" : 0,
          "max" : 0,
          "mean" : 0.000000,
          "stddev" : 0.000000,
          "percentile" : {
            "1.000000" : 0,
            "5.000000" : 0,
            "10.000000" : 0,
            "20.000000" : 0,
            "30.000000" : 0,
            "40.000000" : 0,
            "50.000000" : 0,
            "60.000000" : 0,
            "70.000000" : 0,
            "80.000000" : 0,
            "90.000000" : 0,
            "95.000000" : 0,
            "99.000000" : 0,
            "99.500000" : 0,
            "99.900000" : 0,
            "99.950000" : 0,
            "99.990000" : 0,
            "0.00" : 0,
            "0.00" : 0,
            "0.00" : 0
          }
        },
        "lat_ns" : {
          "min" : 0,
          "max" : 0,
          "mean" : 0.000000,
          "stddev" : 0.000000
        },
        "bw_min" : 0,
        "bw_max" : 0,
        "bw_agg" : 0.000000,
        "bw_mean" : 0.000000,
        "bw_dev" : 0.000000,
        "bw_samples" : 0,
        "iops_min" : 0,
        "iops_max" : 0,
        "iops_mean" : 0.000000,
        "iops_stddev" : 0.000000,
        "iops_samples" : 0
      },
      "write" : {
        "io_bytes" : 80515072,
        "io_kbytes" : 78628,
        "bw" : 654,
        "iops" : 163.688295,
        "runtime" : 120088,
        "total_ios" : 19657,
        "short_ios" : 0,
        "drop_ios" : 0,
        "slat_ns" : {
          "min" : 3770,
          "max" : 199897580,
          "mean" : 1036320.098184,
          "stddev" : 9704452.362708
        },
        "clat_ns" : {
          "min" : 6955,
          "max" : 296120446,
          "mean" : 23385756.809839,
          "stddev" : 39979078.779443,
          "percentile" : {
            "1.000000" : 242688,
            "5.000000" : 1089536,
            "10.000000" : 1171456,
            "20.000000" : 1286144,
            "30.000000" : 1417216,
            "40.000000" : 1564672,
            "50.000000" : 1859584,
            "60.000000" : 2211840,
            "70.000000" : 2768896,
            "80.000000" : 87556096,
            "90.000000" : 95944704,
            "95.000000" : 100139008,
            "99.000000" : 100139008,
            "99.500000" : 100139008,
            "99.900000" : 198180864,
            "99.950000" : 200278016,
            "99.990000" : 295698432,
            "0.00" : 0,
            "0.00" : 0,
            "0.00" : 0
          }
        },
        "lat_ns" : {
          "min" : 883678,
          "max" : 296248121,
          "mean" : 24422651.776110,
          "stddev" : 40645229.718951
        },
        "bw_min" : 473,
        "bw_max" : 873,
        "bw_agg" : 98.119266,
        "bw_mean" : 641.700000,
        "bw_dev" : 81.588494,
        "bw_samples" : 120,
        "iops_min" : 118,
        "iops_max" : 218,
        "iops_mean" : 160.300000,
        "iops_stddev" : 20.471994,
        "iops_samples" : 120
      },
      "trim" : {
        "io_bytes" : 0,
        "io_kbytes" : 0,
        "bw" : 0,
        "iops" : 0.000000,
        "runtime" : 0,
        "total_ios" : 0,
        "short_ios" : 0,
        "drop_ios" : 0,
        "slat_ns" : {
          "min" : 0,
          "max" : 0,
          "mean" : 0.000000,
          "stddev" : 0.000000
        },
        "clat_ns" : {
          "min" : 0,
          "max" : 0,
          "mean" : 0.000000,
          "stddev" : 0.000000,
          "percentile" : {
            "1.000000" : 0,
            "5.000000" : 0,
            "10.000000" : 0,
            "20.000000" : 0,
            "30.000000" : 0,
            "40.000000" : 0,
            "50.000000" : 0,
            "60.000000" : 0,
            "70.000000" : 0,
            "80.000000" : 0,
            "90.000000" : 0,
            "95.000000" : 0,
            "99.000000" : 0,
            "99.500000" : 0,
            "99.900000" : 0,
            "99.950000" : 0,
            "99.990000" : 0,
            "0.00" : 0,
            "0.00" : 0,
            "0.00" : 0
          }
        },
        "lat_ns" : {
          "min" : 0,
          "max" : 0,
          "mean" : 0.000000,
          "stddev" : 0.000000
        },
        "bw_min" : 0,
        "bw_max" : 0,
        "bw_agg" : 0.000000,
        "bw_mean" : 0.000000,
        "bw_dev" : 0.000000,
        "bw_samples" : 0,
        "iops_min" : 0,
        "iops_max" : 0,
        "iops_mean" : 0.000000,
        "iops_stddev" : 0.000000,
        "iops_samples" : 0
      },
      "usr_cpu" : 0.134069,
      "sys_cpu" : 0.532947,
      "ctx" : 14613,
      "majf" : 0,
      "minf" : 20,
      "iodepth_level" : {
        "1" : 0.100000,
        "2" : 0.100000,
        "4" : 99.984738,
        "8" : 0.000000,
        "16" : 0.000000,
        "32" : 0.000000,
        ">=64" : 0.000000
      },
      "latency_ns" : {
        "2" : 0.000000,
        "4" : 0.000000,
        "10" : 0.000000,
        "20" : 0.000000,
        "50" : 0.000000,
        "100" : 0.000000,
        "250" : 0.000000,
        "500" : 0.000000,
        "750" : 0.000000,
        "1000" : 0.000000
      },
      "latency_us" : {
        "2" : 0.000000,
        "4" : 0.000000,
        "10" : 0.010174,
        "20" : 0.000000,
        "50" : 0.000000,
        "100" : 0.284886,
        "250" : 0.712214,
        "500" : 0.020349,
        "750" : 0.025436,
        "1000" : 1.256550
      },
      "latency_ms" : {
        "2" : 51.406624,
        "4" : 19.153482,
        "10" : 3.749301,
        "20" : 0.396805,
        "50" : 0.066134,
        "100" : 21.274864,
        "250" : 1.622832,
        "500" : 0.020349,
        "750" : 0.000000,
        "1000" : 0.000000,
        "2000" : 0.000000,
        ">=2000" : 0.000000
      },
      "latency_depth" : 4,
      "latency_target" : 0,
      "latency_percentile" : 100.000000,
      "latency_window" : 0
    }
  ],
  "disk_util" : [
    {
      "name" : "sdb",
      "read_ios" : 0,
      "write_ios" : 19689,
      "read_merges" : 0,
      "write_merges" : 23,
      "read_ticks" : 0,
      "write_ticks" : 37844,
      "in_queue" : 5760,
      "util" : 13.136973
    }
  ]
}
