{
  "fio version" : "fio-3.1",
  "timestamp" : 1590693761,
  "timestamp_ms" : 1590693761259,
  "time" : "Thu May 28 19:22:41 2020",
  "jobs" : [
    {
      "jobname" : "random-io",
      "groupid" : 0,
      "error" : 0,
      "eta" : 0,
      "elapsed" : 121,
      "job options" : {
        "bs" : "4096",
        "direct" : "1",
        "directory" : "/app/data",
        "iodepth" : "01",
        "ioengine" : "libaio",
        "log_avg_msec" : "1000",
        "randrepeat" : "1",
        "runtime" : "120",
        "rw" : "randread",
        "size" : "50Mi",
        "time_based" : "1",
        "write_bw_log" : "-4096-",
        "write_lat_log" : "-4096-",
        "write_iops_log" : "-4096-",
        "filename" : "fio-test.bin"
      },
      "read" : {
        "io_bytes" : 73785344,
        "io_kbytes" : 72056,
        "bw" : 600,
        "iops" : 150.115416,
        "runtime" : 120001,
        "total_ios" : 18014,
        "short_ios" : 0,
        "drop_ios" : 0,
        "slat_ns" : {
          "min" : 12674,
          "max" : 99952645,
          "mean" : 108472.015599,
          "stddev" : 2717477.083652
        },
        "clat_ns" : {
          "min" : 2626,
          "max" : 183470512,
          "mean" : 6544010.357888,
          "stddev" : 20795014.892264,
          "percentile" : {
            "1.000000" : 724992,
            "5.000000" : 782336,
            "10.000000" : 815104,
            "20.000000" : 880640,
            "30.000000" : 929792,
            "40.000000" : 962560,
            "50.000000" : 1011712,
            "60.000000" : 1056768,
            "70.000000" : 1105920,
            "80.000000" : 1187840,
            "90.000000" : 1449984,
            "95.000000" : 78118912,
            "99.000000" : 95944704,
            "99.500000" : 99090432,
            "99.900000" : 100139008,
            "99.950000" : 100139008,
            "99.990000" : 164626432,
            "0.00" : 0,
            "0.00" : 0,
            "0.00" : 0
          }
        },
        "lat_ns" : {
          "min" : 662896,
          "max" : 183489241,
          "mean" : 6652946.149661,
          "stddev" : 20945545.114398
        },
        "bw_min" : 416,
        "bw_max" : 736,
        "bw_agg" : 99.595238,
        "bw_mean" : 597.571429,
        "bw_dev" : 66.608593,
        "bw_samples" : 119,
        "iops_min" : 104,
        "iops_max" : 184,
        "iops_mean" : 149.352941,
        "iops_stddev" : 16.668548,
        "iops_samples" : 119
      },
      "write" : {
        "io_bytes" : 0,
        "io_kbytes" : 0,
        "bw" : 0,
        "iops" : 0.000000,
        "runtime" : 0,
        "total_ios" : 0,
        "short_ios" : 0,
        "drop_ios" : 0,
        "slat_ns" : {
          "min" : 0,
          "max" : 0,
          "mean" : 0.000000,
          "stddev" : 0.000000
        },
        "clat_ns" : {
          "min" : 0,
          "max" : 0,
          "mean" : 0.000000,
          "stddev" : 0.000000,
          "percentile" : {
            "1.000000" : 0,
            "5.000000" : 0,
            "10.000000" : 0,
            "20.000000" : 0,
            "30.000000" : 0,
            "40.000000" : 0,
            "50.000000" : 0,
            "60.000000" : 0,
            "70.000000" : 0,
            "80.000000" : 0,
            "90.000000" : 0,
            "95.000000" : 0,
            "99.000000" : 0,
            "99.500000" : 0,
            "99.900000" : 0,
            "99.950000" : 0,
            "99.990000" : 0,
            "0.00" : 0,
            "0.00" : 0,
            "0.00" : 0
          }
        },
        "lat_ns" : {
          "min" : 0,
          "max" : 0,
          "mean" : 0.000000,
          "stddev" : 0.000000
        },
        "bw_min" : 0,
        "bw_max" : 0,
        "bw_agg" : 0.000000,
        "bw_mean" : 0.000000,
        "bw_dev" : 0.000000,
        "bw_samples" : 0,
        "iops_min" : 0,
        "iops_max" : 0,
        "iops_mean" : 0.000000,
        "iops_stddev" : 0.000000,
        "iops_samples" : 0
      },
      "trim" : {
        "io_bytes" : 0,
        "io_kbytes" : 0,
        "bw" : 0,
        "iops" : 0.000000,
        "runtime" : 0,
        "total_ios" : 0,
        "short_ios" : 0,
        "drop_ios" : 0,
        "slat_ns" : {
          "min" : 0,
          "max" : 0,
          "mean" : 0.000000,
          "stddev" : 0.000000
        },
        "clat_ns" : {
          "min" : 0,
          "max" : 0,
          "mean" : 0.000000,
          "stddev" : 0.000000,
          "percentile" : {
            "1.000000" : 0,
            "5.000000" : 0,
            "10.000000" : 0,
            "20.000000" : 0,
            "30.000000" : 0,
            "40.000000" : 0,
            "50.000000" : 0,
            "60.000000" : 0,
            "70.000000" : 0,
            "80.000000" : 0,
            "90.000000" : 0,
            "95.000000" : 0,
            "99.000000" : 0,
            "99.500000" : 0,
            "99.900000" : 0,
            "99.950000" : 0,
            "99.990000" : 0,
            "0.00" : 0,
            "0.00" : 0,
            "0.00" : 0
          }
        },
        "lat_ns" : {
          "min" : 0,
          "max" : 0,
          "mean" : 0.000000,
          "stddev" : 0.000000
        },
        "bw_min" : 0,
        "bw_max" : 0,
        "bw_agg" : 0.000000,
        "bw_mean" : 0.000000,
        "bw_dev" : 0.000000,
        "bw_samples" : 0,
        "iops_min" : 0,
        "iops_max" : 0,
        "iops_mean" : 0.000000,
        "iops_stddev" : 0.000000,
        "iops_samples" : 0
      },
      "usr_cpu" : 0.179167,
      "sys_cpu" : 0.567500,
      "ctx" : 18196,
      "majf" : 0,
      "minf" : 18,
      "iodepth_level" : {
        "1" : 100.000000,
        "2" : 0.000000,
        "4" : 0.000000,
        "8" : 0.000000,
        "16" : 0.000000,
        "32" : 0.000000,
        ">=64" : 0.000000
      },
      "latency_ns" : {
        "2" : 0.000000,
        "4" : 0.000000,
        "10" : 0.000000,
        "20" : 0.000000,
        "50" : 0.000000,
        "100" : 0.000000,
        "250" : 0.000000,
        "500" : 0.000000,
        "750" : 0.000000,
        "1000" : 0.000000
      },
      "latency_us" : {
        "2" : 0.000000,
        "4" : 0.066615,
        "10" : 0.022205,
        "20" : 0.000000,
        "50" : 0.010000,
        "100" : 0.000000,
        "250" : 0.000000,
        "500" : 0.000000,
        "750" : 2.298213,
        "1000" : 45.536805
      },
      "latency_ms" : {
        "2" : 43.543910,
        "4" : 0.810481,
        "10" : 1.049184,
        "20" : 0.111025,
        "50" : 0.055512,
        "100" : 6.400577,
        "250" : 0.099922,
        "500" : 0.000000,
        "750" : 0.000000,
        "1000" : 0.000000,
        "2000" : 0.000000,
        ">=2000" : 0.000000
      },
      "latency_depth" : 1,
      "latency_target" : 0,
      "latency_percentile" : 100.000000,
      "latency_window" : 0
    }
  ],
  "disk_util" : [
    {
      "name" : "sdb",
      "read_ios" : 18002,
      "write_ios" : 803,
      "read_merges" : 0,
      "write_merges" : 33,
      "read_ticks" : 19780,
      "write_ticks" : 9167,
      "in_queue" : 8836,
      "util" : 23.722372
    }
  ]
}
