{
  "fio version" : "fio-3.1",
  "timestamp" : 1590693918,
  "timestamp_ms" : 1590693918470,
  "time" : "Thu May 28 19:25:18 2020",
  "jobs" : [
    {
      "jobname" : "random-io",
      "groupid" : 0,
      "error" : 0,
      "eta" : 0,
      "elapsed" : 121,
      "job options" : {
        "bs" : "4096",
        "direct" : "1",
        "directory" : "/app/data",
        "iodepth" : "02",
        "ioengine" : "libaio",
        "log_avg_msec" : "1000",
        "randrepeat" : "1",
        "runtime" : "120",
        "rw" : "randread",
        "size" : "50Mi",
        "time_based" : "1",
        "write_bw_log" : "-4096-",
        "write_lat_log" : "-4096-",
        "write_iops_log" : "-4096-",
        "filename" : "fio-test.bin"
      },
      "read" : {
        "io_bytes" : 105332736,
        "io_kbytes" : 102864,
        "bw" : 856,
        "iops" : 214.142962,
        "runtime" : 120088,
        "total_ios" : 25716,
        "short_ios" : 0,
        "drop_ios" : 0,
        "slat_ns" : {
          "min" : 3349,
          "max" : 100366044,
          "mean" : 199892.121870,
          "stddev" : 4027518.507287
        },
        "clat_ns" : {
          "min" : 2962,
          "max" : 195869540,
          "mean" : 9125244.714186,
          "stddev" : 25709381.363370,
          "percentile" : {
            "1.000000" : 684032,
            "5.000000" : 749568,
            "10.000000" : 782336,
            "20.000000" : 839680,
            "30.000000" : 880640,
            "40.000000" : 913408,
            "50.000000" : 954368,
            "60.000000" : 995328,
            "70.000000" : 1056768,
            "80.000000" : 1171456,
            "90.000000" : 4292608,
            "95.000000" : 89653248,
            "99.000000" : 99090432,
            "99.500000" : 100139008,
            "99.900000" : 101187584,
            "99.950000" : 103284736,
            "99.990000" : 191889408,
            "0.00" : 0,
            "0.00" : 0,
            "0.00" : 0
          }
        },
        "lat_ns" : {
          "min" : 604212,
          "max" : 195892742,
          "mean" : 9329256.166239,
          "stddev" : 25978667.279659
        },
        "bw_min" : 684,
        "bw_max" : 1052,
        "bw_agg" : 99.061526,
        "bw_mean" : 847.966667,
        "bw_dev" : 73.457120,
        "bw_samples" : 120,
        "iops_min" : 171,
        "iops_max" : 263,
        "iops_mean" : 211.883333,
        "iops_stddev" : 18.354210,
        "iops_samples" : 120
      },
      "write" : {
        "io_bytes" : 0,
        "io_kbytes" : 0,
        "bw" : 0,
        "iops" : 0.000000,
        "runtime" : 0,
        "total_ios" : 0,
        "short_ios" : 0,
        "drop_ios" : 0,
        "slat_ns" : {
          "min" : 0,
          "max" : 0,
          "mean" : 0.000000,
          "stddev" : 0.000000
        },
        "clat_ns" : {
          "min" : 0,
          "max" : 0,
          "mean" : 0.000000,
          "stddev" : 0.000000,
          "percentile" : {
            "1.000000" : 0,
            "5.000000" : 0,
            "10.000000" : 0,
            "20.000000" : 0,
            "30.000000" : 0,
            "40.000000" : 0,
            "50.000000" : 0,
            "60.000000" : 0,
            "70.000000" : 0,
            "80.000000" : 0,
            "90.000000" : 0,
            "95.000000" : 0,
            "99.000000" : 0,
            "99.500000" : 0,
            "99.900000" : 0,
            "99.950000" : 0,
            "99.990000" : 0,
            "0.00" : 0,
            "0.00" : 0,
            "0.00" : 0
          }
        },
        "lat_ns" : {
          "min" : 0,
          "max" : 0,
          "mean" : 0.000000,
          "stddev" : 0.000000
        },
        "bw_min" : 0,
        "bw_max" : 0,
        "bw_agg" : 0.000000,
        "bw_mean" : 0.000000,
        "bw_dev" : 0.000000,
        "bw_samples" : 0,
        "iops_min" : 0,
        "iops_max" : 0,
        "iops_mean" : 0.000000,
        "iops_stddev" : 0.000000,
        "iops_samples" : 0
      },
      "trim" : {
        "io_bytes" : 0,
        "io_kbytes" : 0,
        "bw" : 0,
        "iops" : 0.000000,
        "runtime" : 0,
        "total_ios" : 0,
        "short_ios" : 0,
        "drop_ios" : 0,
        "slat_ns" : {
          "min" : 0,
          "max" : 0,
          "mean" : 0.000000,
          "stddev" : 0.000000
        },
        "clat_ns" : {
          "min" : 0,
          "max" : 0,
          "mean" : 0.000000,
          "stddev" : 0.000000,
          "percentile" : {
            "1.000000" : 0,
            "5.000000" : 0,
            "10.000000" : 0,
            "20.000000" : 0,
            "30.000000" : 0,
            "40.000000" : 0,
            "50.000000" : 0,
            "60.000000" : 0,
            "70.000000" : 0,
            "80.000000" : 0,
            "90.000000" : 0,
            "95.000000" : 0,
            "99.000000" : 0,
            "99.500000" : 0,
            "99.900000" : 0,
            "99.950000" : 0,
            "99.990000" : 0,
            "0.00" : 0,
            "0.00" : 0,
            "0.00" : 0
          }
        },
        "lat_ns" : {
          "min" : 0,
          "max" : 0,
          "mean" : 0.000000,
          "stddev" : 0.000000
        },
        "bw_min" : 0,
        "bw_max" : 0,
        "bw_agg" : 0.000000,
        "bw_mean" : 0.000000,
        "bw_dev" : 0.000000,
        "bw_samples" : 0,
        "iops_min" : 0,
        "iops_max" : 0,
        "iops_mean" : 0.000000,
        "iops_stddev" : 0.000000,
        "iops_samples" : 0
      },
      "usr_cpu" : 0.170710,
      "sys_cpu" : 0.643700,
      "ctx" : 22502,
      "majf" : 0,
      "minf" : 21,
      "iodepth_level" : {
        "1" : 0.100000,
        "2" : 99.996111,
        "4" : 0.000000,
        "8" : 0.000000,
        "16" : 0.000000,
        "32" : 0.000000,
        ">=64" : 0.000000
      },
      "latency_ns" : {
        "2" : 0.000000,
        "4" : 0.000000,
        "10" : 0.000000,
        "20" : 0.000000,
        "50" : 0.000000,
        "100" : 0.000000,
        "250" : 0.000000,
        "500" : 0.000000,
        "750" : 0.000000,
        "1000" : 0.000000
      },
      "latency_us" : {
        "2" : 0.000000,
        "4" : 0.010000,
        "10" : 0.015555,
        "20" : 0.000000,
        "50" : 0.136102,
        "100" : 0.031109,
        "250" : 0.000000,
        "500" : 0.000000,
        "750" : 5.249650,
        "1000" : 56.081817
      },
      "latency_ms" : {
        "2" : 27.321512,
        "4" : 1.038264,
        "10" : 0.871053,
        "20" : 0.116659,
        "50" : 0.027220,
        "100" : 8.815523,
        "250" : 0.287759,
        "500" : 0.000000,
        "750" : 0.000000,
        "1000" : 0.000000,
        "2000" : 0.000000,
        ">=2000" : 0.000000
      },
      "latency_depth" : 2,
      "latency_target" : 0,
      "latency_percentile" : 100.000000,
      "latency_window" : 0
    }
  ],
  "disk_util" : [
    {
      "name" : "sdb",
      "read_ios" : 25700,
      "write_ios" : 799,
      "read_merges" : 0,
      "write_merges" : 29,
      "read_ticks" : 26931,
      "write_ticks" : 9131,
      "in_queue" : 9116,
      "util" : 19.115628
    }
  ]
}
