{
  "fio version" : "fio-3.1",
  "timestamp" : 1590536452,
  "timestamp_ms" : 1590536452180,
  "time" : "Tue May 26 23:40:52 2020",
  "jobs" : [
    {
      "jobname" : "random-io",
      "groupid" : 0,
      "error" : 0,
      "eta" : 0,
      "elapsed" : 121,
      "job options" : {
        "bs" : "4096",
        "direct" : "1",
        "directory" : "/app/data",
        "iodepth" : "02",
        "ioengine" : "libaio",
        "log_avg_msec" : "1000",
        "randrepeat" : "1",
        "runtime" : "120",
        "rw" : "randread",
        "size" : "50Mi",
        "time_based" : "1",
        "write_bw_log" : "-4096-",
        "write_lat_log" : "-4096-",
        "write_iops_log" : "-4096-",
        "filename" : "fio-test.bin"
      },
      "read" : {
        "io_bytes" : 89657344,
        "io_kbytes" : 87556,
        "bw" : 729,
        "iops" : 182.274665,
        "runtime" : 120088,
        "total_ios" : 21889,
        "short_ios" : 0,
        "drop_ios" : 0,
        "slat_ns" : {
          "min" : 4011,
          "max" : 185237493,
          "mean" : 258581.724245,
          "stddev" : 4652382.909176
        },
        "clat_ns" : {
          "min" : 3162,
          "max" : 198648867,
          "mean" : 10705472.364704,
          "stddev" : 27877930.695404,
          "percentile" : {
            "1.000000" : 716800,
            "5.000000" : 790528,
            "10.000000" : 823296,
            "20.000000" : 880640,
            "30.000000" : 929792,
            "40.000000" : 962560,
            "50.000000" : 1011712,
            "60.000000" : 1073152,
            "70.000000" : 1155072,
            "80.000000" : 1368064,
            "90.000000" : 78118912,
            "95.000000" : 92798976,
            "99.000000" : 100139008,
            "99.500000" : 100139008,
            "99.900000" : 100139008,
            "99.950000" : 100139008,
            "99.990000" : 185597952,
            "0.00" : 0,
            "0.00" : 0,
            "0.00" : 0
          }
        },
        "lat_ns" : {
          "min" : 666123,
          "max" : 198690532,
          "mean" : 10964507.418064,
          "stddev" : 28175454.414454
        },
        "bw_min" : 481,
        "bw_max" : 912,
        "bw_agg" : 98.802012,
        "bw_mean" : 720.266667,
        "bw_dev" : 79.352499,
        "bw_samples" : 120,
        "iops_min" : 120,
        "iops_max" : 228,
        "iops_mean" : 179.916667,
        "iops_stddev" : 19.851797,
        "iops_samples" : 120
      },
      "write" : {
        "io_bytes" : 0,
        "io_kbytes" : 0,
        "bw" : 0,
        "iops" : 0.000000,
        "runtime" : 0,
        "total_ios" : 0,
        "short_ios" : 0,
        "drop_ios" : 0,
        "slat_ns" : {
          "min" : 0,
          "max" : 0,
          "mean" : 0.000000,
          "stddev" : 0.000000
        },
        "clat_ns" : {
          "min" : 0,
          "max" : 0,
          "mean" : 0.000000,
          "stddev" : 0.000000,
          "percentile" : {
            "1.000000" : 0,
            "5.000000" : 0,
            "10.000000" : 0,
            "20.000000" : 0,
            "30.000000" : 0,
            "40.000000" : 0,
            "50.000000" : 0,
            "60.000000" : 0,
            "70.000000" : 0,
            "80.000000" : 0,
            "90.000000" : 0,
            "95.000000" : 0,
            "99.000000" : 0,
            "99.500000" : 0,
            "99.900000" : 0,
            "99.950000" : 0,
            "99.990000" : 0,
            "0.00" : 0,
            "0.00" : 0,
            "0.00" : 0
          }
        },
        "lat_ns" : {
          "min" : 0,
          "max" : 0,
          "mean" : 0.000000,
          "stddev" : 0.000000
        },
        "bw_min" : 0,
        "bw_max" : 0,
        "bw_agg" : 0.000000,
        "bw_mean" : 0.000000,
        "bw_dev" : 0.000000,
        "bw_samples" : 0,
        "iops_min" : 0,
        "iops_max" : 0,
        "iops_mean" : 0.000000,
        "iops_stddev" : 0.000000,
        "iops_samples" : 0
      },
      "trim" : {
        "io_bytes" : 0,
        "io_kbytes" : 0,
        "bw" : 0,
        "iops" : 0.000000,
        "runtime" : 0,
        "total_ios" : 0,
        "short_ios" : 0,
        "drop_ios" : 0,
        "slat_ns" : {
          "min" : 0,
          "max" : 0,
          "mean" : 0.000000,
          "stddev" : 0.000000
        },
        "clat_ns" : {
          "min" : 0,
          "max" : 0,
          "mean" : 0.000000,
          "stddev" : 0.000000,
          "percentile" : {
            "1.000000" : 0,
            "5.000000" : 0,
            "10.000000" : 0,
            "20.000000" : 0,
            "30.000000" : 0,
            "40.000000" : 0,
            "50.000000" : 0,
            "60.000000" : 0,
            "70.000000" : 0,
            "80.000000" : 0,
            "90.000000" : 0,
            "95.000000" : 0,
            "99.000000" : 0,
            "99.500000" : 0,
            "99.900000" : 0,
            "99.950000" : 0,
            "99.990000" : 0,
            "0.00" : 0,
            "0.00" : 0,
            "0.00" : 0
          }
        },
        "lat_ns" : {
          "min" : 0,
          "max" : 0,
          "mean" : 0.000000,
          "stddev" : 0.000000
        },
        "bw_min" : 0,
        "bw_max" : 0,
        "bw_agg" : 0.000000,
        "bw_mean" : 0.000000,
        "bw_dev" : 0.000000,
        "bw_samples" : 0,
        "iops_min" : 0,
        "iops_max" : 0,
        "iops_mean" : 0.000000,
        "iops_stddev" : 0.000000,
        "iops_samples" : 0
      },
      "usr_cpu" : 0.171542,
      "sys_cpu" : 0.582911,
      "ctx" : 18756,
      "majf" : 0,
      "minf" : 21,
      "iodepth_level" : {
        "1" : 0.100000,
        "2" : 99.995431,
        "4" : 0.000000,
        "8" : 0.000000,
        "16" : 0.000000,
        "32" : 0.000000,
        ">=64" : 0.000000
      },
      "latency_ns" : {
        "2" : 0.000000,
        "4" : 0.000000,
        "10" : 0.000000,
        "20" : 0.000000,
        "50" : 0.000000,
        "100" : 0.000000,
        "250" : 0.000000,
        "500" : 0.000000,
        "750" : 0.000000,
        "1000" : 0.000000
      },
      "latency_us" : {
        "2" : 0.000000,
        "4" : 0.010000,
        "10" : 0.059391,
        "20" : 0.000000,
        "50" : 0.013706,
        "100" : 0.173603,
        "250" : 0.010000,
        "500" : 0.000000,
        "750" : 1.809128,
        "1000" : 45.634794
      },
      "latency_ms" : {
        "2" : 39.567819,
        "4" : 1.119284,
        "10" : 0.813194,
        "20" : 0.100507,
        "50" : 0.013706,
        "100" : 10.461876,
        "250" : 0.219288,
        "500" : 0.000000,
        "750" : 0.000000,
        "1000" : 0.000000,
        "2000" : 0.000000,
        ">=2000" : 0.000000
      },
      "latency_depth" : 2,
      "latency_target" : 0,
      "latency_percentile" : 100.000000,
      "latency_window" : 0
    }
  ],
  "disk_util" : [
    {
      "name" : "sdb",
      "read_ios" : 21866,
      "write_ios" : 217,
      "read_merges" : 0,
      "write_merges" : 7,
      "read_ticks" : 24301,
      "write_ticks" : 2803,
      "in_queue" : 3680,
      "util" : 16.334002
    }
  ]
}
