{
  "fio version" : "fio-3.1",
  "timestamp" : 1590689151,
  "timestamp_ms" : 1590689151241,
  "time" : "Thu May 28 18:05:51 2020",
  "jobs" : [
    {
      "jobname" : "random-io",
      "groupid" : 0,
      "error" : 0,
      "eta" : 0,
      "elapsed" : 121,
      "job options" : {
        "bs" : "4096",
        "direct" : "1",
        "directory" : "/app/data",
        "iodepth" : "01",
        "ioengine" : "libaio",
        "log_avg_msec" : "1000",
        "randrepeat" : "1",
        "runtime" : "120",
        "rw" : "randwrite",
        "size" : "50Mi",
        "time_based" : "1",
        "write_bw_log" : "-4096-",
        "write_lat_log" : "-4096-",
        "write_iops_log" : "-4096-",
        "filename" : "fio-test.bin"
      },
      "read" : {
        "io_bytes" : 0,
        "io_kbytes" : 0,
        "bw" : 0,
        "iops" : 0.000000,
        "runtime" : 0,
        "total_ios" : 0,
        "short_ios" : 0,
        "drop_ios" : 0,
        "slat_ns" : {
          "min" : 0,
          "max" : 0,
          "mean" : 0.000000,
          "stddev" : 0.000000
        },
        "clat_ns" : {
          "min" : 0,
          "max" : 0,
          "mean" : 0.000000,
          "stddev" : 0.000000,
          "percentile" : {
            "1.000000" : 0,
            "5.000000" : 0,
            "10.000000" : 0,
            "20.000000" : 0,
            "30.000000" : 0,
            "40.000000" : 0,
            "50.000000" : 0,
            "60.000000" : 0,
            "70.000000" : 0,
            "80.000000" : 0,
            "90.000000" : 0,
            "95.000000" : 0,
            "99.000000" : 0,
            "99.500000" : 0,
            "99.900000" : 0,
            "99.950000" : 0,
            "99.990000" : 0,
            "0.00" : 0,
            "0.00" : 0,
            "0.00" : 0
          }
        },
        "lat_ns" : {
          "min" : 0,
          "max" : 0,
          "mean" : 0.000000,
          "stddev" : 0.000000
        },
        "bw_min" : 0,
        "bw_max" : 0,
        "bw_agg" : 0.000000,
        "bw_mean" : 0.000000,
        "bw_dev" : 0.000000,
        "bw_samples" : 0,
        "iops_min" : 0,
        "iops_max" : 0,
        "iops_mean" : 0.000000,
        "iops_stddev" : 0.000000,
        "iops_samples" : 0
      },
      "write" : {
        "io_bytes" : 55738368,
        "io_kbytes" : 54432,
        "bw" : 453,
        "iops" : 113.399055,
        "runtime" : 120001,
        "total_ios" : 13608,
        "short_ios" : 0,
        "drop_ios" : 0,
        "slat_ns" : {
          "min" : 14848,
          "max" : 174211614,
          "mean" : 129038.820620,
          "stddev" : 3135380.644349
        },
        "clat_ns" : {
          "min" : 4773,
          "max" : 199907696,
          "mean" : 8683438.813051,
          "stddev" : 25323946.947032,
          "percentile" : {
            "1.000000" : 700416,
            "5.000000" : 733184,
            "10.000000" : 757760,
            "20.000000" : 790528,
            "30.000000" : 815104,
            "40.000000" : 847872,
            "50.000000" : 880640,
            "60.000000" : 921600,
            "70.000000" : 987136,
            "80.000000" : 1187840,
            "90.000000" : 1957888,
            "95.000000" : 87556096,
            "99.000000" : 100139008,
            "99.500000" : 100139008,
            "99.900000" : 100139008,
            "99.950000" : 183500800,
            "99.990000" : 200278016,
            "0.00" : 0,
            "0.00" : 0,
            "0.00" : 0
          }
        },
        "lat_ns" : {
          "min" : 671766,
          "max" : 199965865,
          "mean" : 8812999.548280,
          "stddev" : 25509196.768588
        },
        "bw_min" : 280,
        "bw_max" : 656,
        "bw_agg" : 99.144823,
        "bw_mean" : 449.126050,
        "bw_dev" : 72.665189,
        "bw_samples" : 119,
        "iops_min" : 70,
        "iops_max" : 164,
        "iops_mean" : 112.142857,
        "iops_stddev" : 18.137556,
        "iops_samples" : 119
      },
      "trim" : {
        "io_bytes" : 0,
        "io_kbytes" : 0,
        "bw" : 0,
        "iops" : 0.000000,
        "runtime" : 0,
        "total_ios" : 0,
        "short_ios" : 0,
        "drop_ios" : 0,
        "slat_ns" : {
          "min" : 0,
          "max" : 0,
          "mean" : 0.000000,
          "stddev" : 0.000000
        },
        "clat_ns" : {
          "min" : 0,
          "max" : 0,
          "mean" : 0.000000,
          "stddev" : 0.000000,
          "percentile" : {
            "1.000000" : 0,
            "5.000000" : 0,
            "10.000000" : 0,
            "20.000000" : 0,
            "30.000000" : 0,
            "40.000000" : 0,
            "50.000000" : 0,
            "60.000000" : 0,
            "70.000000" : 0,
            "80.000000" : 0,
            "90.000000" : 0,
            "95.000000" : 0,
            "99.000000" : 0,
            "99.500000" : 0,
            "99.900000" : 0,
            "99.950000" : 0,
            "99.990000" : 0,
            "0.00" : 0,
            "0.00" : 0,
            "0.00" : 0
          }
        },
        "lat_ns" : {
          "min" : 0,
          "max" : 0,
          "mean" : 0.000000,
          "stddev" : 0.000000
        },
        "bw_min" : 0,
        "bw_max" : 0,
        "bw_agg" : 0.000000,
        "bw_mean" : 0.000000,
        "bw_dev" : 0.000000,
        "bw_samples" : 0,
        "iops_min" : 0,
        "iops_max" : 0,
        "iops_mean" : 0.000000,
        "iops_stddev" : 0.000000,
        "iops_samples" : 0
      },
      "usr_cpu" : 0.137500,
      "sys_cpu" : 0.530833,
      "ctx" : 13786,
      "majf" : 0,
      "minf" : 21,
      "iodepth_level" : {
        "1" : 100.000000,
        "2" : 0.000000,
        "4" : 0.000000,
        "8" : 0.000000,
        "16" : 0.000000,
        "32" : 0.000000,
        ">=64" : 0.000000
      },
      "latency_ns" : {
        "2" : 0.000000,
        "4" : 0.000000,
        "10" : 0.000000,
        "20" : 0.000000,
        "50" : 0.000000,
        "100" : 0.000000,
        "250" : 0.000000,
        "500" : 0.000000,
        "750" : 0.000000,
        "1000" : 0.000000
      },
      "latency_us" : {
        "2" : 0.000000,
        "4" : 0.000000,
        "10" : 0.102881,
        "20" : 0.000000,
        "50" : 0.000000,
        "100" : 0.000000,
        "250" : 0.000000,
        "500" : 0.000000,
        "750" : 7.929159,
        "1000" : 62.852734
      },
      "latency_ms" : {
        "2" : 19.172546,
        "4" : 0.727513,
        "10" : 0.536449,
        "20" : 0.036743,
        "50" : 0.000000,
        "100" : 8.428865,
        "250" : 0.213110,
        "500" : 0.000000,
        "750" : 0.000000,
        "1000" : 0.000000,
        "2000" : 0.000000,
        ">=2000" : 0.000000
      },
      "latency_depth" : 1,
      "latency_target" : 0,
      "latency_percentile" : 100.000000,
      "latency_window" : 0
    }
  ],
  "disk_util" : [
    {
      "name" : "sdb",
      "read_ios" : 0,
      "write_ios" : 13649,
      "read_merges" : 0,
      "write_merges" : 23,
      "read_ticks" : 0,
      "write_ticks" : 13289,
      "in_queue" : 384,
      "util" : 16.571357
    }
  ]
}
