{
  "fio version" : "fio-3.1",
  "timestamp" : 1590688352,
  "timestamp_ms" : 1590688352870,
  "time" : "Thu May 28 17:52:32 2020",
  "jobs" : [
    {
      "jobname" : "random-io",
      "groupid" : 0,
      "error" : 0,
      "eta" : 0,
      "elapsed" : 121,
      "job options" : {
        "bs" : "4096",
        "direct" : "1",
        "directory" : "/app/data",
        "iodepth" : "02",
        "ioengine" : "libaio",
        "log_avg_msec" : "1000",
        "randrepeat" : "1",
        "runtime" : "120",
        "rw" : "randread",
        "size" : "50Mi",
        "time_based" : "1",
        "write_bw_log" : "-4096-",
        "write_lat_log" : "-4096-",
        "write_iops_log" : "-4096-",
        "filename" : "fio-test.bin"
      },
      "read" : {
        "io_bytes" : 93478912,
        "io_kbytes" : 91288,
        "bw" : 760,
        "iops" : 190.043968,
        "runtime" : 120088,
        "total_ios" : 22822,
        "short_ios" : 0,
        "drop_ios" : 0,
        "slat_ns" : {
          "min" : 3979,
          "max" : 100131070,
          "mean" : 319043.698668,
          "stddev" : 5213779.784011
        },
        "clat_ns" : {
          "min" : 4483,
          "max" : 198496668,
          "mean" : 10192914.742880,
          "stddev" : 27446532.682986,
          "percentile" : {
            "1.000000" : 692224,
            "5.000000" : 757760,
            "10.000000" : 782336,
            "20.000000" : 823296,
            "30.000000" : 856064,
            "40.000000" : 880640,
            "50.000000" : 905216,
            "60.000000" : 946176,
            "70.000000" : 1003520,
            "80.000000" : 1253376,
            "90.000000" : 66846720,
            "95.000000" : 91750400,
            "99.000000" : 100139008,
            "99.500000" : 100139008,
            "99.900000" : 102236160,
            "99.950000" : 187695104,
            "99.990000" : 196083712,
            "0.00" : 0,
            "0.00" : 0,
            "0.00" : 0
          }
        },
        "lat_ns" : {
          "min" : 590201,
          "max" : 198516764,
          "mean" : 10512382.360529,
          "stddev" : 27899041.560141
        },
        "bw_min" : 572,
        "bw_max" : 964,
        "bw_agg" : 98.702851,
        "bw_mean" : 750.141667,
        "bw_dev" : 83.072035,
        "bw_samples" : 120,
        "iops_min" : 143,
        "iops_max" : 241,
        "iops_mean" : 187.458333,
        "iops_stddev" : 20.784163,
        "iops_samples" : 120
      },
      "write" : {
        "io_bytes" : 0,
        "io_kbytes" : 0,
        "bw" : 0,
        "iops" : 0.000000,
        "runtime" : 0,
        "total_ios" : 0,
        "short_ios" : 0,
        "drop_ios" : 0,
        "slat_ns" : {
          "min" : 0,
          "max" : 0,
          "mean" : 0.000000,
          "stddev" : 0.000000
        },
        "clat_ns" : {
          "min" : 0,
          "max" : 0,
          "mean" : 0.000000,
          "stddev" : 0.000000,
          "percentile" : {
            "1.000000" : 0,
            "5.000000" : 0,
            "10.000000" : 0,
            "20.000000" : 0,
            "30.000000" : 0,
            "40.000000" : 0,
            "50.000000" : 0,
            "60.000000" : 0,
            "70.000000" : 0,
            "80.000000" : 0,
            "90.000000" : 0,
            "95.000000" : 0,
            "99.000000" : 0,
            "99.500000" : 0,
            "99.900000" : 0,
            "99.950000" : 0,
            "99.990000" : 0,
            "0.00" : 0,
            "0.00" : 0,
            "0.00" : 0
          }
        },
        "lat_ns" : {
          "min" : 0,
          "max" : 0,
          "mean" : 0.000000,
          "stddev" : 0.000000
        },
        "bw_min" : 0,
        "bw_max" : 0,
        "bw_agg" : 0.000000,
        "bw_mean" : 0.000000,
        "bw_dev" : 0.000000,
        "bw_samples" : 0,
        "iops_min" : 0,
        "iops_max" : 0,
        "iops_mean" : 0.000000,
        "iops_stddev" : 0.000000,
        "iops_samples" : 0
      },
      "trim" : {
        "io_bytes" : 0,
        "io_kbytes" : 0,
        "bw" : 0,
        "iops" : 0.000000,
        "runtime" : 0,
        "total_ios" : 0,
        "short_ios" : 0,
        "drop_ios" : 0,
        "slat_ns" : {
          "min" : 0,
          "max" : 0,
          "mean" : 0.000000,
          "stddev" : 0.000000
        },
        "clat_ns" : {
          "min" : 0,
          "max" : 0,
          "mean" : 0.000000,
          "stddev" : 0.000000,
          "percentile" : {
            "1.000000" : 0,
            "5.000000" : 0,
            "10.000000" : 0,
            "20.000000" : 0,
            "30.000000" : 0,
            "40.000000" : 0,
            "50.000000" : 0,
            "60.000000" : 0,
            "70.000000" : 0,
            "80.000000" : 0,
            "90.000000" : 0,
            "95.000000" : 0,
            "99.000000" : 0,
            "99.500000" : 0,
            "99.900000" : 0,
            "99.950000" : 0,
            "99.990000" : 0,
            "0.00" : 0,
            "0.00" : 0,
            "0.00" : 0
          }
        },
        "lat_ns" : {
          "min" : 0,
          "max" : 0,
          "mean" : 0.000000,
          "stddev" : 0.000000
        },
        "bw_min" : 0,
        "bw_max" : 0,
        "bw_agg" : 0.000000,
        "bw_mean" : 0.000000,
        "bw_dev" : 0.000000,
        "bw_samples" : 0,
        "iops_min" : 0,
        "iops_max" : 0,
        "iops_mean" : 0.000000,
        "iops_stddev" : 0.000000,
        "iops_samples" : 0
      },
      "usr_cpu" : 0.157386,
      "sys_cpu" : 0.547936,
      "ctx" : 16628,
      "majf" : 0,
      "minf" : 19,
      "iodepth_level" : {
        "1" : 0.100000,
        "2" : 99.995618,
        "4" : 0.000000,
        "8" : 0.000000,
        "16" : 0.000000,
        "32" : 0.000000,
        ">=64" : 0.000000
      },
      "latency_ns" : {
        "2" : 0.000000,
        "4" : 0.000000,
        "10" : 0.000000,
        "20" : 0.000000,
        "50" : 0.000000,
        "100" : 0.000000,
        "250" : 0.000000,
        "500" : 0.000000,
        "750" : 0.000000,
        "1000" : 0.000000
      },
      "latency_us" : {
        "2" : 0.000000,
        "4" : 0.000000,
        "10" : 0.039436,
        "20" : 0.000000,
        "50" : 0.010000,
        "100" : 0.249759,
        "250" : 0.000000,
        "500" : 0.000000,
        "750" : 4.149505,
        "1000" : 65.068793
      },
      "latency_ms" : {
        "2" : 17.399877,
        "4" : 0.972746,
        "10" : 1.686969,
        "20" : 0.333012,
        "50" : 0.000000,
        "100" : 9.543423,
        "250" : 0.547717,
        "500" : 0.000000,
        "750" : 0.000000,
        "1000" : 0.000000,
        "2000" : 0.000000,
        ">=2000" : 0.000000
      },
      "latency_depth" : 2,
      "latency_target" : 0,
      "latency_percentile" : 100.000000,
      "latency_window" : 0
    }
  ],
  "disk_util" : [
    {
      "name" : "sdb",
      "read_ios" : 22792,
      "write_ios" : 2602,
      "read_merges" : 0,
      "write_merges" : 61,
      "read_ticks" : 25011,
      "write_ticks" : 27316,
      "in_queue" : 25224,
      "util" : 24.042424
    }
  ]
}
