{
  "fio version" : "fio-3.1",
  "timestamp" : 1590691016,
  "timestamp_ms" : 1590691016110,
  "time" : "Thu May 28 18:36:56 2020",
  "jobs" : [
    {
      "jobname" : "random-io",
      "groupid" : 0,
      "error" : 0,
      "eta" : 0,
      "elapsed" : 121,
      "job options" : {
        "bs" : "4096",
        "direct" : "1",
        "directory" : "/app/data",
        "iodepth" : "02",
        "ioengine" : "libaio",
        "log_avg_msec" : "1000",
        "randrepeat" : "1",
        "runtime" : "120",
        "rw" : "randread",
        "size" : "50Mi",
        "time_based" : "1",
        "write_bw_log" : "-4096-",
        "write_lat_log" : "-4096-",
        "write_iops_log" : "-4096-",
        "filename" : "fio-test.bin"
      },
      "read" : {
        "io_bytes" : 83697664,
        "io_kbytes" : 81736,
        "bw" : 680,
        "iops" : 170.158550,
        "runtime" : 120088,
        "total_ios" : 20434,
        "short_ios" : 0,
        "drop_ios" : 0,
        "slat_ns" : {
          "min" : 3896,
          "max" : 100226468,
          "mean" : 227013.110698,
          "stddev" : 4290686.679243
        },
        "clat_ns" : {
          "min" : 4756,
          "max" : 197642789,
          "mean" : 11517622.154400,
          "stddev" : 29039020.871706,
          "percentile" : {
            "1.000000" : 733184,
            "5.000000" : 798720,
            "10.000000" : 847872,
            "20.000000" : 905216,
            "30.000000" : 946176,
            "40.000000" : 995328,
            "50.000000" : 1036288,
            "60.000000" : 1105920,
            "70.000000" : 1204224,
            "80.000000" : 1433600,
            "90.000000" : 82313216,
            "95.000000" : 93847552,
            "99.000000" : 100139008,
            "99.500000" : 100139008,
            "99.900000" : 100139008,
            "99.950000" : 181403648,
            "99.990000" : 196083712,
            "0.00" : 0,
            "0.00" : 0,
            "0.00" : 0
          }
        },
        "lat_ns" : {
          "min" : 664569,
          "max" : 197670525,
          "mean" : 11749736.777821,
          "stddev" : 29282121.093977
        },
        "bw_min" : 451,
        "bw_max" : 904,
        "bw_agg" : 98.840686,
        "bw_mean" : 672.116667,
        "bw_dev" : 94.652765,
        "bw_samples" : 120,
        "iops_min" : 112,
        "iops_max" : 226,
        "iops_mean" : 167.908333,
        "iops_stddev" : 23.682776,
        "iops_samples" : 120
      },
      "write" : {
        "io_bytes" : 0,
        "io_kbytes" : 0,
        "bw" : 0,
        "iops" : 0.000000,
        "runtime" : 0,
        "total_ios" : 0,
        "short_ios" : 0,
        "drop_ios" : 0,
        "slat_ns" : {
          "min" : 0,
          "max" : 0,
          "mean" : 0.000000,
          "stddev" : 0.000000
        },
        "clat_ns" : {
          "min" : 0,
          "max" : 0,
          "mean" : 0.000000,
          "stddev" : 0.000000,
          "percentile" : {
            "1.000000" : 0,
            "5.000000" : 0,
            "10.000000" : 0,
            "20.000000" : 0,
            "30.000000" : 0,
            "40.000000" : 0,
            "50.000000" : 0,
            "60.000000" : 0,
            "70.000000" : 0,
            "80.000000" : 0,
            "90.000000" : 0,
            "95.000000" : 0,
            "99.000000" : 0,
            "99.500000" : 0,
            "99.900000" : 0,
            "99.950000" : 0,
            "99.990000" : 0,
            "0.00" : 0,
            "0.00" : 0,
            "0.00" : 0
          }
        },
        "lat_ns" : {
          "min" : 0,
          "max" : 0,
          "mean" : 0.000000,
          "stddev" : 0.000000
        },
        "bw_min" : 0,
        "bw_max" : 0,
        "bw_agg" : 0.000000,
        "bw_mean" : 0.000000,
        "bw_dev" : 0.000000,
        "bw_samples" : 0,
        "iops_min" : 0,
        "iops_max" : 0,
        "iops_mean" : 0.000000,
        "iops_stddev" : 0.000000,
        "iops_samples" : 0
      },
      "trim" : {
        "io_bytes" : 0,
        "io_kbytes" : 0,
        "bw" : 0,
        "iops" : 0.000000,
        "runtime" : 0,
        "total_ios" : 0,
        "short_ios" : 0,
        "drop_ios" : 0,
        "slat_ns" : {
          "min" : 0,
          "max" : 0,
          "mean" : 0.000000,
          "stddev" : 0.000000
        },
        "clat_ns" : {
          "min" : 0,
          "max" : 0,
          "mean" : 0.000000,
          "stddev" : 0.000000,
          "percentile" : {
            "1.000000" : 0,
            "5.000000" : 0,
            "10.000000" : 0,
            "20.000000" : 0,
            "30.000000" : 0,
            "40.000000" : 0,
            "50.000000" : 0,
            "60.000000" : 0,
            "70.000000" : 0,
            "80.000000" : 0,
            "90.000000" : 0,
            "95.000000" : 0,
            "99.000000" : 0,
            "99.500000" : 0,
            "99.900000" : 0,
            "99.950000" : 0,
            "99.990000" : 0,
            "0.00" : 0,
            "0.00" : 0,
            "0.00" : 0
          }
        },
        "lat_ns" : {
          "min" : 0,
          "max" : 0,
          "mean" : 0.000000,
          "stddev" : 0.000000
        },
        "bw_min" : 0,
        "bw_max" : 0,
        "bw_agg" : 0.000000,
        "bw_mean" : 0.000000,
        "bw_dev" : 0.000000,
        "bw_samples" : 0,
        "iops_min" : 0,
        "iops_max" : 0,
        "iops_mean" : 0.000000,
        "iops_stddev" : 0.000000,
        "iops_samples" : 0
      },
      "usr_cpu" : 0.131571,
      "sys_cpu" : 0.602064,
      "ctx" : 17309,
      "majf" : 0,
      "minf" : 20,
      "iodepth_level" : {
        "1" : 0.100000,
        "2" : 99.995106,
        "4" : 0.000000,
        "8" : 0.000000,
        "16" : 0.000000,
        "32" : 0.000000,
        ">=64" : 0.000000
      },
      "latency_ns" : {
        "2" : 0.000000,
        "4" : 0.000000,
        "10" : 0.000000,
        "20" : 0.000000,
        "50" : 0.000000,
        "100" : 0.000000,
        "250" : 0.000000,
        "500" : 0.000000,
        "750" : 0.000000,
        "1000" : 0.000000
      },
      "latency_us" : {
        "2" : 0.000000,
        "4" : 0.000000,
        "10" : 0.024469,
        "20" : 0.000000,
        "50" : 0.010000,
        "100" : 0.161496,
        "250" : 0.010000,
        "500" : 0.010000,
        "750" : 1.282177,
        "1000" : 40.354311
      },
      "latency_ms" : {
        "2" : 44.421063,
        "4" : 1.389840,
        "10" : 0.773221,
        "20" : 0.068513,
        "50" : 0.029363,
        "100" : 11.108936,
        "250" : 0.362142,
        "500" : 0.000000,
        "750" : 0.000000,
        "1000" : 0.000000,
        "2000" : 0.000000,
        ">=2000" : 0.000000
      },
      "latency_depth" : 2,
      "latency_target" : 0,
      "latency_percentile" : 100.000000,
      "latency_window" : 0
    }
  ],
  "disk_util" : [
    {
      "name" : "sdb",
      "read_ios" : 20422,
      "write_ios" : 183,
      "read_merges" : 0,
      "write_merges" : 6,
      "read_ticks" : 23239,
      "write_ticks" : 2335,
      "in_queue" : 3060,
      "util" : 15.814132
    }
  ]
}
