{
  "fio version" : "fio-3.1",
  "timestamp" : 1590537246,
  "timestamp_ms" : 1590537246401,
  "time" : "Tue May 26 23:54:06 2020",
  "jobs" : [
    {
      "jobname" : "random-io",
      "groupid" : 0,
      "error" : 0,
      "eta" : 0,
      "elapsed" : 121,
      "job options" : {
        "bs" : "4096",
        "direct" : "1",
        "directory" : "/app/data",
        "iodepth" : "01",
        "ioengine" : "libaio",
        "log_avg_msec" : "1000",
        "randrepeat" : "1",
        "runtime" : "120",
        "rw" : "randwrite",
        "size" : "50Mi",
        "time_based" : "1",
        "write_bw_log" : "-4096-",
        "write_lat_log" : "-4096-",
        "write_iops_log" : "-4096-",
        "filename" : "fio-test.bin"
      },
      "read" : {
        "io_bytes" : 0,
        "io_kbytes" : 0,
        "bw" : 0,
        "iops" : 0.000000,
        "runtime" : 0,
        "total_ios" : 0,
        "short_ios" : 0,
        "drop_ios" : 0,
        "slat_ns" : {
          "min" : 0,
          "max" : 0,
          "mean" : 0.000000,
          "stddev" : 0.000000
        },
        "clat_ns" : {
          "min" : 0,
          "max" : 0,
          "mean" : 0.000000,
          "stddev" : 0.000000,
          "percentile" : {
            "1.000000" : 0,
            "5.000000" : 0,
            "10.000000" : 0,
            "20.000000" : 0,
            "30.000000" : 0,
            "40.000000" : 0,
            "50.000000" : 0,
            "60.000000" : 0,
            "70.000000" : 0,
            "80.000000" : 0,
            "90.000000" : 0,
            "95.000000" : 0,
            "99.000000" : 0,
            "99.500000" : 0,
            "99.900000" : 0,
            "99.950000" : 0,
            "99.990000" : 0,
            "0.00" : 0,
            "0.00" : 0,
            "0.00" : 0
          }
        },
        "lat_ns" : {
          "min" : 0,
          "max" : 0,
          "mean" : 0.000000,
          "stddev" : 0.000000
        },
        "bw_min" : 0,
        "bw_max" : 0,
        "bw_agg" : 0.000000,
        "bw_mean" : 0.000000,
        "bw_dev" : 0.000000,
        "bw_samples" : 0,
        "iops_min" : 0,
        "iops_max" : 0,
        "iops_mean" : 0.000000,
        "iops_stddev" : 0.000000,
        "iops_samples" : 0
      },
      "write" : {
        "io_bytes" : 71102464,
        "io_kbytes" : 69436,
        "bw" : 578,
        "iops" : 144.552328,
        "runtime" : 120088,
        "total_ios" : 17359,
        "short_ios" : 0,
        "drop_ios" : 0,
        "slat_ns" : {
          "min" : 15713,
          "max" : 97410525,
          "mean" : 152402.464370,
          "stddev" : 3216193.346042
        },
        "clat_ns" : {
          "min" : 4048,
          "max" : 183531626,
          "mean" : 6751398.711562,
          "stddev" : 20908554.706989,
          "percentile" : {
            "1.000000" : 831488,
            "5.000000" : 880640,
            "10.000000" : 905216,
            "20.000000" : 946176,
            "30.000000" : 978944,
            "40.000000" : 1011712,
            "50.000000" : 1044480,
            "60.000000" : 1089536,
            "70.000000" : 1155072,
            "80.000000" : 1302528,
            "90.000000" : 2056192,
            "95.000000" : 77070336,
            "99.000000" : 96993280,
            "99.500000" : 100139008,
            "99.900000" : 100139008,
            "99.950000" : 100139008,
            "99.990000" : 181403648,
            "0.00" : 0,
            "0.00" : 0,
            "0.00" : 0
          }
        },
        "lat_ns" : {
          "min" : 786837,
          "max" : 183557059,
          "mean" : 6908892.954145,
          "stddev" : 21124252.087415
        },
        "bw_min" : 377,
        "bw_max" : 724,
        "bw_agg" : 99.521338,
        "bw_mean" : 575.233333,
        "bw_dev" : 70.456940,
        "bw_samples" : 120,
        "iops_min" : 94,
        "iops_max" : 181,
        "iops_mean" : 143.691667,
        "iops_stddev" : 17.599559,
        "iops_samples" : 120
      },
      "trim" : {
        "io_bytes" : 0,
        "io_kbytes" : 0,
        "bw" : 0,
        "iops" : 0.000000,
        "runtime" : 0,
        "total_ios" : 0,
        "short_ios" : 0,
        "drop_ios" : 0,
        "slat_ns" : {
          "min" : 0,
          "max" : 0,
          "mean" : 0.000000,
          "stddev" : 0.000000
        },
        "clat_ns" : {
          "min" : 0,
          "max" : 0,
          "mean" : 0.000000,
          "stddev" : 0.000000,
          "percentile" : {
            "1.000000" : 0,
            "5.000000" : 0,
            "10.000000" : 0,
            "20.000000" : 0,
            "30.000000" : 0,
            "40.000000" : 0,
            "50.000000" : 0,
            "60.000000" : 0,
            "70.000000" : 0,
            "80.000000" : 0,
            "90.000000" : 0,
            "95.000000" : 0,
            "99.000000" : 0,
            "99.500000" : 0,
            "99.900000" : 0,
            "99.950000" : 0,
            "99.990000" : 0,
            "0.00" : 0,
            "0.00" : 0,
            "0.00" : 0
          }
        },
        "lat_ns" : {
          "min" : 0,
          "max" : 0,
          "mean" : 0.000000,
          "stddev" : 0.000000
        },
        "bw_min" : 0,
        "bw_max" : 0,
        "bw_agg" : 0.000000,
        "bw_mean" : 0.000000,
        "bw_dev" : 0.000000,
        "bw_samples" : 0,
        "iops_min" : 0,
        "iops_max" : 0,
        "iops_mean" : 0.000000,
        "iops_stddev" : 0.000000,
        "iops_samples" : 0
      },
      "usr_cpu" : 0.184033,
      "sys_cpu" : 0.581245,
      "ctx" : 17599,
      "majf" : 0,
      "minf" : 20,
      "iodepth_level" : {
        "1" : 100.000000,
        "2" : 0.000000,
        "4" : 0.000000,
        "8" : 0.000000,
        "16" : 0.000000,
        "32" : 0.000000,
        ">=64" : 0.000000
      },
      "latency_ns" : {
        "2" : 0.000000,
        "4" : 0.000000,
        "10" : 0.000000,
        "20" : 0.000000,
        "50" : 0.000000,
        "100" : 0.000000,
        "250" : 0.000000,
        "500" : 0.000000,
        "750" : 0.000000,
        "1000" : 0.000000
      },
      "latency_us" : {
        "2" : 0.000000,
        "4" : 0.000000,
        "10" : 0.132496,
        "20" : 0.000000,
        "50" : 0.000000,
        "100" : 0.000000,
        "250" : 0.000000,
        "500" : 0.010000,
        "750" : 0.000000,
        "1000" : 36.275131
      },
      "latency_ms" : {
        "2" : 53.476583,
        "4" : 1.808860,
        "10" : 1.463218,
        "20" : 0.080650,
        "50" : 0.103693,
        "100" : 6.590241,
        "250" : 0.063368,
        "500" : 0.000000,
        "750" : 0.000000,
        "1000" : 0.000000,
        "2000" : 0.000000,
        ">=2000" : 0.000000
      },
      "latency_depth" : 1,
      "latency_target" : 0,
      "latency_percentile" : 100.000000,
      "latency_window" : 0
    }
  ],
  "disk_util" : [
    {
      "name" : "sdb",
      "read_ios" : 0,
      "write_ios" : 17402,
      "read_merges" : 0,
      "write_merges" : 23,
      "read_ticks" : 0,
      "write_ticks" : 20886,
      "in_queue" : 1388,
      "util" : 22.424495
    }
  ]
}
